"ID","Description","setSize","enrichmentScore","NES","pvalue","p.adjust","qvalue","rank","leading_edge","core_enrichment"
"hsa04310","Wnt signaling pathway",172,0.605942388751031,1.49963890590284,1e-10,3.5e-08,2.52631578947368e-08,6285,"tags=59%, list=26%, signal=44%","7472/7474/5330/10297/5880/7482/147111/324/894/164284/9620/8321/166336/8324/4776/50964/6424/1951/7473/89780/1487/1454/80326/23500/8454/4163/144165/4775/11197/4088/6423/2487/5579/7471/817/54894/4920/27130/5601/23002/9978/7483/7855/22943/11211/27121/81029/55366/5582/147495/896/85407/7484/64321/25805/4773/51384/83439/7475/8312/10023/5331/7089/343637/5176/6500/6934/4772/57216/8326/5602/54361/6932/5566/1952/5467/7477/8549/8840/80319/2535/84133/8325/5663/7480/8061/51176/340419/818/7090/8945/27123/5578/5332/8313/6422/85409/1501/4041/440193/7091"
"hsa04081","Hormone signaling",211,0.560615187757643,1.39633410710702,2.4272401428181e-08,4.24767024993167e-06,3.06598754882286e-06,6535,"tags=48%, list=27%, signal=35%","3667/5745/2100/5330/551/7433/2769/185/885/6751/1815/9630/196883/151/11069/2786/552/5744/84539/7200/3953/268/4986/5293/107/90/148/1813/113/5443/3952/5618/30061/5179/3480/5020/4157/154/2056/3643/2770/111/5592/6774/7068/796/10672/7349/4883/4881/2057/152/553/2771/4987/2690/10681/6776/5021/2693/4158/153/2778/7066/10268/5331/155/109/7434/4090/8660/2099/6714/1394/5566/114131/2696/2834/5296/3479/6777/2862/10411/2980/51094/2788/3481/2740/146/94235/3060/4879/5332/341208/6754/117247/1395/150/7253/1734/51764"
"hsa04080","Neuroactive ligand-receptor interaction",343,0.524637093882806,1.3208793412517,5.24368076617213e-08,6.11762756053415e-06,4.41573117151338e-06,7823,"tags=51%, list=33%, signal=35%","5745/2563/2900/551/7433/133/185/2587/885/79957/6751/1815/151/9170/4852/4887/5729/552/1145/1902/84539/5734/3351/2550/8811/7200/5031/3953/6863/4986/148/2557/1813/2902/344838/6870/2149/5443/1143/3952/5618/5179/1144/1910/53637/4544/5732/10874/1268/1909/1128/283869/5020/4157/2894/154/1140/2831/10888/136/7068/796/3269/7349/152/553/5724/135/6343/624/2555/64106/5029/5733/3363/3814/1903/4987/1131/2690/23566/2151/2898/4829/5021/7425/4543/623/2693/256933/2908/1129/23620/4158/153/9127/1241/2911/4886/2917/2915/2914/84634/155/6344/7434/6915/3362/2893/6869/1394/1906/114131/2696/2834/11255/116443/2862/339403/5697/165829/66004/3354/3350/1139/2740/3357/134/51289/146/3060/56413/2561/5027/6754/57152/2859/5026/2901/4889/1395/5731/2569/9002/150/7253/2558/1146/130576/10886/1392/2922/1812/2906/5746/719/2741/2568/147/1901/2562/2918/6753/51738/1137/55584/2913/3361/2897/2837/3973/130574/886/10316/257313/8001"
"hsa05202","Transcriptional misregulation in cancer",179,0.560217424580721,1.38898331569982,2.56292964968136e-07,2.24256344347119e-05,1.61869241032507e-05,7553,"tags=55%, list=31%, signal=38%","8842/3205/861/3206/9915/30012/5079/8968/894/7185/8352/3195/1848/3207/5468/8353/5077/8861/7490/5914/54738/1647/8356/5327/4318/1991/604/4300/8355/597/1050/3480/8900/221037/1643/4211/2078/6256/64919/7850/2118/5081/51274/6258/6667/862/2115/7048/8354/4005/929/4233/3486/578/329/5218/1437/1026/51384/3248/4616/4208/2313/3087/958/4066/3479/5090/6495/8091/2138/2308/8938/26471/171558/860/3695/8350/2321/581/2119/4804/4613/7849/330/1027/5154/7704/4094/6257/5747/7157/6935/7709/3021/2005/3560/85414"
"hsa04020","Calcium signaling pathway",239,0.538077414363287,1.34522063679631,3.49488567989441e-07,2.44641997592609e-05,1.76583697510454e-05,6432,"tags=51%, list=27%, signal=38%","5330/8913/57118/2253/5333/2066/2769/6262/4915/185/3707/9630/2774/196883/6543/3706/4776/552/255231/4486/7125/7419/107/148/84812/2902/113/6870/2149/7039/1910/4775/26281/2668/5579/8912/91807/775/1909/2263/1128/817/6546/2254/2246/154/7852/5979/1956/136/2261/3269/810/553/4803/5724/8911/493/135/624/489/488/5582/5153/5733/3363/1131/4233/5021/623/1129/5159/153/4773/9127/2778/56034/3709/2247/2911/5331/80228/2915/4846/155/4772/109/952/3791/6915/3362/7424/5156/6869/5566/2324/116443/5136/5155/814/4638/1139/8877/3357/146/2321/818/56413/57192/5578/5332/2064/5027/7423/8817/6261/777/5026/5731/85366/776/2250/5154"
"hsa05217","Basal cell carcinoma",63,0.668092982317575,1.59746009045642,5.66202039788878e-07,3.30284523210179e-05,2.38400858858475e-05,6561,"tags=76%, list=27%, signal=56%","7472/7474/6469/10297/7482/324/652/8321/8324/374654/2737/7473/1647/8643/89780/80326/1643/7471/2736/7483/7855/5727/11211/81029/7484/64399/578/1026/51384/83439/7475/8312/4616/6934/8326/54361/6932/7477/51684/2535/8325/7480/51176/581/8313/6608/650/2735"
"hsa04928","Parathyroid hormone synthesis, secretion and action",112,0.593025307893395,1.44315899495455,1.10377126088063e-06,4.82899926635276e-05,3.48559345541252e-05,5856,"tags=54%, list=24%, signal=41%","2625/5144/5745/9365/5330/10568/5143/5141/64386/196883/5744/50964/596/8600/11214/6446/107/113/6569/4323/1839/64764/9247/5579/1591/6256/846/1594/5337/9138/1956/2770/111/6258/6667/10672/2771/90993/5582/408/65266/4205/1026/2778/3709/4209/5331/65268/109/4208/5566/65125/10893/4325/7421/2353/5142/860/5578/5332"
"hsa04820","Cytoskeleton in muscle cells",224,0.53566149229229,1.33556520046889,1.06954649190082e-06,4.82899926635276e-05,3.48559345541252e-05,6005,"tags=46%, list=25%, signal=34%","5339/1466/91977/2200/2318/4811/272/6711/1298/8572/3696/3676/57731/6712/8082/57159/1829/71/1674/1282/89/1302/7125/7431/6445/23224/7060/22795/64236/255631/26287/7169/3679/7168/79784/482/2006/51332/23500/1824/7057/88/6640/4000/83660/1299/3673/23002/200539/1837/1311/84033/6443/7058/23353/10398/375790/7273/2274/4604/476/1277/127294/25802/23345/287/84665/22989/2192/7171/1462/2201/27295/171024/161176/3674/1286/752/84467/1290/481/2275/6382/4629/3691/58/7111/4606/1284/4636/7094/27063/2335/3695/3678/70/7170/1285/3908/478/7139/22801"
"hsa04360","Axon guidance",177,0.548771954011941,1.36000106230331,1.44601987150105e-06,5.62341061139297e-05,4.05900314807312e-05,7240,"tags=55%, list=30%, signal=39%","5058/22854/7474/2242/64101/6469/5880/7222/27289/9423/1945/4776/1808/64221/91653/5998/59277/55740/1969/56924/5293/6585/151449/56288/6405/56896/659/2050/4775/3983/7869/10509/10500/817/7852/2770/29984/9037/56963/219699/22885/4917/10398/1073/223117/5727/57144/2771/81029/23654/54437/8829/4233/57715/106821730/10505/57689/54434/4773/84612/64218/2044/8482/54910/6714/5364/54361/85464/5296/10512/5362/9353/6586/6387/655/80031/2048/4636/84628/3984/10154/818/5578/6608/7223/9901/6092/6091/7225/57522/1949/1630/5747/8633/998/4756/5295/54961"
"hsa04517","IgSF CAM signaling",286,0.513614819598955,1.29017161534156,2.012081170476e-06,7.042284096666e-05,5.08315243067621e-05,8300,"tags=56%, list=35%, signal=37%","5058/23136/6711/3676/57731/6712/9423/71/7204/10451/64221/56924/8541/5293/10381/79784/6585/54538/51332/56288/84063/4067/50848/7827/5579/145581/91807/28964/382/5376/22865/10458/5601/4356/22871/114798/4685/7189/219699/10398/25945/4359/8506/57144/10095/84617/5906/4008/9693/2036/8829/5582/10580/347733/91768/57524/106821730/10382/57689/3687/3383/9788/92154/351/1272/287/3737/84612/4868/58494/3683/23607/3384/7277/5602/3791/6714/6300/3556/1000/6900/23426/9863/5296/7280/5603/5362/9564/84189/26050/4629/1445/203068/8499/9353/6586/3689/6334/2308/4638/57863/1525/653857/51807/3678/3932/5578/5962/5802/51735/5588/57555/3742/5789/4637/85366/9901/6092/6091/7082/55243/4133/7225/8828/4099/57522/4916/81607/1630/5747/57513/8633/998/4627/208/22999/5295/1796/3739/57823/288/25/23085/3786/8777/79827/23705/5605/3690/4897/4301/2037/2260/5335/6709/5803/5817/26047/8497"
"hsa04390","Hippo signaling pathway",154,0.55289770167708,1.36130871453607,4.11316134507391e-06,0.000130873315525079,9.44649495519366e-05,6321,"tags=51%, list=26%, signal=38%","7472/25937/84962/7474/10297/7482/324/894/71/652/8321/8324/166824/27113/7161/7473/268/89780/1454/80326/1496/151449/8994/4771/56288/7042/659/4088/5054/7471/11186/2736/126374/2246/7043/7483/4092/7855/7046/7005/1490/7048/11211/81029/896/85407/7484/122786/353500/329/51384/8200/1742/83439/7475/84612/8312/6934/8326/1740/5501/54361/6932/7477/2535/3689/8325/7480/655/6657/51176/8945/8313/7529/1495/85409/330/650"
"hsa04519","Cadherin signaling",393,0.492200113634616,1.24246624701993,7.57226123907851e-06,0.000220857619473123,0.000159416026085863,6400,"tags=37%, list=27%, signal=28%","7472/25937/5317/2563/84962/7474/342184/10297/5880/7482/64005/324/10518/10184/1829/1825/71/154810/9620/8321/3850/166336/55800/1674/8324/10451/57575/4641/1951/55740/7431/259236/3856/5100/7473/79633/3855/56098/89780/2557/51474/80326/1496/3852/23500/8994/4771/56114/1824/147138/144165/51347/3480/10787/1001/7471/11187/126374/5601/5097/23002/5099/1956/27253/51107/7483/5098/7855/4792/7005/1007/11211/64072/3866/10095/60437/81029/3551/11322/2555/23191/6330/54510/7484/4233/84152/3892/3880/4647/1005/5159/51384/83439/7475/147798/8312/1003/28316/1004/6934/3853/57216/8326/10152/5602/4430/3791/5501/6300/1000/5156/54361/6932/1016/64405/9119/1952/2324/5603/7477/26999/2535/144501/6324/8325/5663/7480/51176/3872/653857/79838/2697/1009/22808/25984/2561/2064/8313/26025/7529/1495/342125/1501/4041/2569/2558/7082"
"hsa05414","Dilated cardiomyopathy",101,0.583087322038118,1.41445387505598,1.36855132617773e-05,0.000329054305942291,0.000237512882484661,6867,"tags=55%, list=29%, signal=40%","3696/3676/6262/8082/196883/6543/71/1674/6445/7169/107/3679/7168/113/7042/59283/6640/775/4000/783/6546/3673/7043/1837/111/6443/489/488/55799/7273/153/2778/93589/7171/109/5566/3674/3479/782/3691/59284/3695/3678/70/7170/785/3908/7139/22801/7124/10369/776/781/784/8910/115"
"hsa04082","Neuroactive ligand signaling",192,0.53081089268101,1.31822539105177,1.41023273975268e-05,0.000329054305942291,0.000237512882484661,8932,"tags=61%, list=37%, signal=39%","2563/2900/5330/1815/2774/196883/151/2786/3351/57030/2550/5031/6863/4986/107/148/2557/1813/2902/6532/113/6870/63910/5443/1143/5179/43/6530/5579/246213/1128/6506/154/6531/2770/111/6539/60482/136/3269/152/2771/135/2555/5582/5029/3363/4987/1131/2898/10681/1129/153/9127/2778/6507/2911/2917/5331/2915/2914/109/3362/2893/6869/5566/11255/9177/116443/6571/3354/2788/3350/1139/3357/134/146/94235/5578/5332/2561/140679/5026/2901/6572/2569/150/2558/51764/1812/115/2906/2741/2568/147/2562/2918/6570/1103/1137/2913/3361/2897/8001/5025/2904/2560/3359/200909/6865/5028/2905/3274/2567/3355/5023/79627/8973"
"hsa04024","cAMP signaling pathway",218,0.524173006602436,1.30601247363046,1.36855132617773e-05,0.000329054305942291,0.000237512882484661,8099,"tags=55%, list=34%, signal=37%","5144/5058/5880/6262/5143/5141/6751/196883/4852/11069/10451/3351/6662/2550/2737/1080/1258/268/5293/107/482/1813/2902/113/2149/5443/64764/5732/775/1909/7074/1128/817/5601/5020/154/5337/2770/3776/111/810/4881/10398/4792/5727/2771/493/5906/135/90993/489/488/5733/64399/476/84152/5021/2693/1129/5465/4158/153/2778/27198/4886/4772/109/7434/5602/5501/3362/2893/627/1394/5566/1906/2696/5296/481/116443/10411/814/1261/3354/3350/2740/134/2353/5142/10021/6548/818/64208/478/1395/776/7253/2735/483/1392/610/1812/115/2906/208/2867/5295/486/51738/1387/51806/3973/5605/5499/91860/4301/2904/5348/64411/816"
"hsa05225","Hepatocellular carcinoma",163,0.541295506639467,1.33539881243765,2.4992955391636e-05,0.000546720899192039,0.000394625611446885,5391,"tags=44%, list=22%, signal=35%","7472/7474/119391/10297/7482/324/7296/71/8321/2948/8324/2944/2950/7473/53358/1647/55274/5293/89780/80326/6464/7042/7039/57492/1029/2941/1021/4088/2946/5579/3480/1643/7471/6604/7015/7043/1956/8193/7483/7855/7046/7048/11211/81029/7012/5582/8110/7484/4233/578/1026/51384/83439/7475/8312/10023/8289/4616/6934/8326/2949/54361/6932/6605/5296/7477/2535/3481/8325/7480/9446/51176"
"hsa04916","Melanogenesis",101,0.575362483401428,1.39571495288965,3.05889267404814e-05,0.000629772021127559,0.000454572285926659,5856,"tags=53%, list=24%, signal=41%","7472/7474/5330/7482/196883/8321/8324/7473/3815/107/89780/113/80326/5443/1910/64764/5579/7471/817/4157/2770/111/7483/810/4254/7855/11211/2771/81029/90993/5582/434/7484/51384/2778/83439/7475/5331/6934/8326/109/54361/6932/5566/1906/7477/2535/8325/7480/51176/818/5578/1638/5332"
"hsa04010","MAPK signaling pathway",288,0.500375956211396,1.2567478098538,3.39564252191442e-05,0.000660263823705582,0.00047658140658448,7233,"tags=49%, list=30%, signal=34%","1435/5924/5058/1846/1843/8913/3305/2253/5880/9048/2066/3303/4915/7132/1945/1848/1647/1969/3815/9448/994/7042/7039/4909/4775/3552/26281/51347/2668/5579/3480/59283/8912/4908/775/1849/2263/783/5601/2254/2246/5979/3643/7043/1956/6195/7189/2261/115727/4254/7046/4803/7048/8911/3551/5906/9693/5582/55799/929/4296/1398/408/23542/4233/5228/4763/4615/5159/56034/2247/3554/93589/2069/4616/4293/4217/4772/10235/4208/5602/3791/7786/7424/627/6300/3556/5156/5566/2324/7867/3479/284/6196/5603/782/5155/3553/59284/1616/3481/6722/10125/2353/23162/8986/84451/2321/7010/5578/22808/4791/4294/785/80824/2064/3312/4804/7423/8817/777/1847/7124/10369/51776/776/2250/5154/781/1326/784/84867/6788/7157/2264/998/9064/208/80310/2248"
"hsa04015","Rap1 signaling pathway",208,0.522671521191486,1.30236061588521,5.19165103225727e-05,0.000956356769100023,0.000690302630327836,8074,"tags=60%, list=34%, signal=40%","1435/5330/2253/5880/196883/1945/71/9170/11069/10451/5909/1902/6494/55740/1969/3815/5293/107/1813/2902/113/2149/56288/7057/26281/8631/5579/3480/83593/1268/25865/2263/7074/83660/2254/2246/23094/3643/1956/2770/111/136/2261/810/4254/4803/2771/5906/135/9693/5582/1398/57121/54518/345456/23566/4233/5228/10636/2533/5159/2778/56034/84612/2247/5331/3683/10235/109/889/9771/3791/6714/7424/6300/5156/9863/2324/5296/3674/3479/284/10411/5603/9564/5155/3689/5587/7094/2321/7010/5578/22808/5332/4804/7423/8817/51735/2889/9002/2250/5154/375189/26037/115/5900/2264/998/260425/208/57568/5295/80310/2248/51806/2255/5605/3690/91860/4301/2904/9855/64411/2260/5335"
"hsa04934","Cushing syndrome",153,0.532607449620025,1.31096428902378,5.64065449021865e-05,0.000987114535788264,0.000712503725080251,5892,"tags=44%, list=25%, signal=34%","7472/7474/5330/8913/10297/7482/324/1583/185/196883/8321/8324/7473/107/89780/113/80326/8622/5443/1029/64764/1021/8912/775/7471/817/1956/2770/3776/111/6667/7483/1030/7855/11211/2771/8911/81029/5906/90993/7484/3777/4158/1026/51384/2778/3709/83439/7475/8312/5331/6934/8326/109/54361/6932/1394/5566/7477/2535/8325/7480/6770/51176/51655/818/5332/8313"
"hsa05224","Breast cancer",146,0.535499510610083,1.31687226263873,7.95286715877051e-05,0.00124455079931386,0.000898322381459631,6218,"tags=49%, list=26%, signal=37%","388585/7472/2100/7474/2253/10297/7482/5241/324/8321/8324/3280/8600/7473/53358/1647/26508/3815/5293/182/89780/80326/28514/6464/26281/1021/3480/1643/7471/2254/2246/1956/6667/7483/7855/11211/81029/7484/578/1026/51384/83439/7475/8312/10023/2247/4616/6934/8326/2099/54361/6932/2324/5296/3479/7477/23493/2535/8325/7480/4855/4854/2353/51176/10683/581/4791/2064/8313/8817/54567/4041"
"hsa05205","Proteoglycans in cancer",198,0.519123043187622,1.2913522861402,8.06567190712892e-05,0.00124455079931386,0.000898322381459631,9996,"tags=69%, list=42%, signal=40%","5058/7472/960/7474/6469/7482/2066/858/71/8321/8324/10451/967/7473/7291/5329/5293/89780/286/4318/80326/7042/1839/7057/5579/3480/117581/7074/7471/817/3673/54776/9138/1956/857/6774/7483/7855/5727/11211/81029/5582/3549/7484/4233/1277/287/1026/51384/3709/7475/2247/8326/3791/5501/2099/4313/6714/6300/54361/5566/5296/3479/6382/5603/7477/3091/2535/3481/8325/7480/2335/6548/3678/818/5578/22808/2064/3316/5962/6608/406902/29102/3059/7124/2817/406991/3236/4087/406903/5747/7157/4660/998/208/5295/288/6383/6385/5605/5499/3690/2260/5335/816/3845/2475/7476/3693/7040/3710/8503/7976/7422/7430/3685/10855/5594/8323/4609/1278/3265/7448/7409/7078/23365/3688/10818/110117499/7097/867/3708/60495/4893/5595/2885"
"hsa04810","Regulation of actin cytoskeleton",221,0.505638538606328,1.26026874694825,8.17847668120539e-05,0.00124455079931386,0.000898322381459631,7240,"tags=48%, list=30%, signal=34%","5058/3696/3676/2253/10297/5880/324/71/9170/10451/1902/10788/55740/56924/5293/3679/79784/2149/50649/26281/91807/28964/10787/2263/7074/1128/10458/3673/2254/2246/54776/4342/7852/28984/9138/1956/2261/10672/10398/1073/57144/10095/624/23191/1398/57121/1131/345456/623/221178/106821730/3687/1129/54434/5159/56034/2247/3683/10152/5501/3645/6714/5156/85464/5296/3674/9564/89846/26999/4629/5155/3691/3689/4638/6387/4636/653857/8395/2335/3695/3984/6548/3678/81553/2934/22808/5962/22801/8817/93408/85366/79837/2250/5154/375189/2909/5747/2264/4660/998/4627/208/5295/80310/2248/54961"
"hsa04014","Ras signaling pathway",228,0.507612108800756,1.2666207973434,8.96811073833323e-05,0.0013078494826736,0.000944011656666655,10029,"tags=66%, list=42%, signal=39%","1435/5924/5058/2253/5880/4915/64926/1945/2786/5878/53358/1969/56924/3815/5293/2902/6464/7039/4909/26281/9610/5579/3480/83593/4908/2263/7074/382/11186/5601/2254/2246/3643/5337/1956/2261/810/11145/115727/4254/4803/57144/3551/5906/50487/5582/3363/4233/10681/57186/7535/106821730/5228/4763/10928/5159/56034/2247/27/10235/9771/5602/3791/2113/7424/627/5156/5566/2324/5296/3479/284/5155/2788/3481/10125/8831/94235/8844/2321/7010/5578/22808/4804/7423/8817/57148/2114/2250/5154/51764/391013/5900/2264/998/208/5295/80310/2248/51806/2255/9846/9462/8437/25/5319/5605/91860/4301/2904/2260/5335/8605/3845/2322/4914/283455/2249/27040/1943/8503/7422/5599/805/808/5594/253959/2323/3265/5923/5881/801/5922/283748/2903/399694/5338/285/8822/110117499/2793/51365/10298/54331/2785/4893/5595/2885/2252/5863"
"hsa04518","Integrin signaling",149,0.53396792914575,1.31393721501485,0.000114498229002158,0.00160297520603021,0.0011570347351797,7208,"tags=55%, list=30%, signal=39%","2200/1298/3696/3676/3909/5880/894/1280/71/55612/1282/7060/55742/5293/3679/3914/3910/5649/7057/8174/55679/3480/83660/1101/3918/1299/3673/1956/1311/3987/3912/7058/896/4233/1277/3386/5228/3687/3383/255743/5159/7412/56034/3683/3384/158326/3791/6696/6714/7424/5156/7148/2324/5296/3674/1286/3479/5155/3691/3689/1284/22798/7094/2335/3695/3678/2321/1285/2064/3908/22801/7423/83706/7450/5154/5747/998/10979/208/341640/5295/80310"
"hsa04340","Hedgehog signaling pathway",55,0.624782466042468,1.48208932868096,0.000162110026722544,0.00210142627232927,0.00151681896348579,6563,"tags=62%, list=27%, signal=45%","132884/6469/894/4036/91653/374654/2737/596/8643/50846/1454/8454/2736/5727/23432/3549/408/64399/23288/57758/156/5566/51684/2619/55733/1455/8405/23295/8945/157/6608/2121/2735/1954"
"hsa04510","Focal adhesion",195,0.513272782046362,1.27564966875157,0.000162110026722544,0.00210142627232927,0.00151681896348579,7208,"tags=51%, list=30%, signal=36%","5058/1298/3696/3676/3909/5880/894/858/1280/71/10451/1282/596/824/7060/53358/56924/55742/5293/3679/3914/3910/6464/5649/7057/5579/3480/91807/83660/1101/3918/1299/5601/3673/54776/1956/1311/857/3912/7058/10398/57144/5906/5582/1398/896/4233/1277/106821730/5228/329/5159/56034/5602/3791/5501/6696/6714/7424/5156/7148/2324/5296/3674/1286/3479/2012/9564/5155/3691/4638/1284/4636/22798/8395/7094/2335/3695/3678/2321/5578/1285/2064/3908/22801/7423/93408/85366/2889/330/7450/5154/2909/5747/4660/998/208/5295/80310"
"hsa05412","Arrhythmogenic right ventricular cardiomyopathy",83,0.579445677601827,1.40229296589116,0.000177980691272794,0.00222475864090993,0.00160584082351393,6741,"tags=58%, list=28%, signal=42%","3696/3676/6262/8082/1829/6543/71/1674/89/6445/3679/1496/1824/59283/88/6640/775/4000/783/6546/3673/1837/6443/489/488/55799/83439/93589/6934/1000/6932/3674/782/3691/59284/51176/3695/2697/3678/785/3908/22801/1495/10369/776/781/784/8910"
"hsa05165","Human papillomavirus infection",317,0.482589338570137,1.21458869041517,0.000252911442712927,0.00305237948101809,0.00220322127953185,9183,"tags=56%, list=38%, signal=35%","388585/7472/1298/7474/3696/3676/3909/10297/7482/324/894/7132/3133/3134/1280/8321/8324/54626/1282/5734/3280/7060/4599/7473/26508/6009/5293/182/3679/89780/3914/84441/80326/3910/56288/5649/7057/64764/1021/5934/8900/55534/90423/9794/5523/1101/7471/3918/1299/5610/3673/7015/1956/1311/5743/3912/7483/7058/841/7855/11211/81029/3551/90993/390992/9641/896/7484/1277/578/23352/92359/5159/11317/1026/51384/2778/83439/7475/84612/8312/6934/8326/1740/6696/527/7248/54361/3955/7148/6932/5566/5296/3674/1286/387332/7477/23493/2535/3691/50617/2308/8325/5663/7480/4855/4854/3135/1284/22798/2335/3695/3678/8772/581/7337/1285/8313/3908/7249/22801/7124/9550/7450/1027/155066/9114/3716/1108/5747/84667/7157/10379/55502/998/5522/208/5295/7187/1387/1017/7297/5605/3690/27175/10319/23462/1291/5529/4600/3845/5518/8717/8638/5515/3911/2475/7476/64398/3693/7059/5527/9519/8503/7976/7422/3455/3685/534/5594/8323/1292/1278/528/5590/4242/3265/7448"
"hsa05410","Hypertrophic cardiomyopathy",96,0.56508192342984,1.37000579288557,0.000289366222113145,0.00337593925798669,0.00243676818621596,6741,"tags=52%, list=28%, signal=38%","1636/3696/3676/6262/8082/6543/71/1674/6445/7169/3679/7168/7042/59283/6640/775/4000/783/6546/3673/7043/1837/6443/51422/489/488/55799/7273/93589/7171/1906/3674/3479/782/3691/59284/3695/3678/70/7170/785/3908/7139/22801/7124/10369/776/781/784/8910"
"hsa04550","Signaling pathways regulating pluripotency of stem cells",139,0.528040538914575,1.29657117287622,0.000435186061668697,0.00491339101884013,0.00354650780307257,5288,"tags=45%, list=22%, signal=35%","7472/7474/10297/7482/324/4762/652/8321/8324/5080/3175/3231/6926/7473/5293/3624/90/89780/80326/5013/3400/659/3198/4088/3480/4211/2263/91/7471/9421/6774/2261/7483/7855/84333/11211/81029/92/7484/3720/3625/51384/7475/8312/4617/2247/9314/64211/8326/4090/6300/54361/6932/1749/5296/3479/5603/7477/2535/8325/7480/6657"
"hsa05418","Fluid shear stress and atherosclerosis",134,0.527595989025283,1.29428711005661,0.000526638086934343,0.00576010407584438,0.0041576691073764,7982,"tags=57%, list=33%, signal=38%","1843/119391/5880/7132/858/1535/71/652/2948/10365/596/2944/2950/5293/90/5327/4318/659/2941/3552/2946/59341/7850/5601/857/810/7341/3551/92/3383/7412/4205/1003/3554/9181/4846/4217/2949/4208/5602/3791/4313/6714/6300/1906/5296/3674/6382/5603/8878/5155/3553/7056/2353/9446/445/406902/7124/2817/4780/5154/406903/5747/1728/7157/4257/3320/208/6401/5295/51806/6383/5563/6385/3690/91860"
"hsa04151","PI3K-Akt signaling pathway",342,0.475211511677255,1.19656775220071,0.000572431595224954,0.00607124419177981,0.00438225144669821,10030,"tags=60%, list=42%, signal=35%","1435/3667/1298/3696/3676/2253/3909/9048/2066/894/4915/1280/1945/9170/2786/1902/1282/596/7060/1969/3815/6446/6009/5293/3679/3914/2149/3910/5618/7039/4909/5649/7057/26281/64764/1021/2668/3480/5934/4908/5523/2263/6256/1101/1128/3918/1299/3673/2254/6850/2246/5979/2056/3643/1956/1311/2261/3912/7058/2057/4254/4803/5585/3551/90993/23678/896/57121/2690/23566/4233/10681/1277/5228/1129/5159/1026/56034/2247/2069/4846/1977/2997/3791/6696/23239/7424/627/7248/5156/7148/10018/9863/2324/146850/5296/3674/1286/3479/284/4602/253314/57521/5155/3691/2788/3481/1284/22798/94235/2335/3695/3678/2321/7010/5578/1285/2064/23533/3908/4804/1440/7249/7529/9180/22801/7423/8817/7450/1027/2250/5154/51764/3718/3716/5747/7157/2264/3320/5522/208/118788/5295/80310/2248/2255/3560/1017/5563/1388/5605/3690/10319/1291/2260/5529/3717/3845/2322/5518/4914/5515/3911/2475/2249/3574/1943/3693/7059/5527/8503/7422/3455/3570/3685/5594/4609/1292/1278/2323/7532/3265/7448/3915/285/9223/3566/8822/3688/3913/5008/3164/110117499/7097/2793/1385/284217/54331/2785/4893/5595/2885/2252/10110/29941"
"hsa05226","Gastric cancer",148,0.522590674024239,1.28509826248285,0.000664018831457345,0.00683548797088443,0.00493388605417222,7233,"tags=52%, list=30%, signal=37%","7472/7474/6469/2253/10297/7482/324/5915/8321/1045/8324/596/7473/53358/1647/5293/89780/80326/1496/6464/7042/26281/4088/1643/2263/6256/7471/2254/2246/7015/7043/1956/6258/7483/1030/7855/7046/7048/11211/81029/7012/7484/4233/578/1026/51384/83439/7475/8312/10023/2247/4616/6934/8326/54361/6932/5296/7477/2535/8325/7480/51176/581/2064/8313/8817/1495/4041/1027/4583/2250/4087/6257/7157/208/5295/2248"
"hsa04923","Regulation of lipolysis in adipocytes",57,0.603898653723164,1.4351628243597,0.000746447520739011,0.00746447520739011,0.00538789187901842,5325,"tags=51%, list=22%, signal=40%","3667/5346/196883/4852/5293/107/113/5742/154/3643/2770/111/5592/5743/11145/4881/2771/5733/57104/153/2778/4886/155/109/8660/5566/5296/2167/134"
"hsa04514","Cell adhesion molecule (CAM) interaction",138,0.518193799726623,1.27195471323859,0.000810558805236665,0.00788043282868979,0.00568813196657309,8306,"tags=57%, list=35%, signal=38%","22854/3696/64101/3676/3133/3134/214/9071/100506658/5010/9080/8174/50848/7122/1001/22865/22871/114798/4685/25945/4359/8506/79679/80380/23562/9369/9074/925/57689/3383/7412/1272/1003/58494/3683/1462/3384/9379/947/9378/1000/6900/958/2734/6382/84189/26050/149461/29126/3689/57863/3135/1525/84628/3695/5133/6693/5802/57555/5789/1365/64115/965/10686/923/4099/644672/6401/4756/26285/6383/6385/23705/4897/6614/3111/5817/26047/9076"
"hsa04978","Mineral absorption",55,0.600914834042228,1.42547128222311,0.000847193850113918,0.00801399587945598,0.00578453837915619,5913,"tags=49%, list=25%, signal=37%","10568/7018/4493/6543/2512/4499/4489/482/6569/30061/3163/6546/140803/79901/4891/493/476/4496/4502/6550/4495/481/113235/7421/55503/341208/478"
"hsa04961","Endocrine and other factor-regulated calcium reabsorption",51,0.597794541431379,1.4130303462171,0.00107688524328728,0.00966435474744992,0.0069757748553022,7200,"tags=57%, list=30%, signal=40%","5745/9365/5330/6543/482/5579/6546/26052/493/624/5582/476/2778/5331/2099/5566/481/1173/7421/1212/5578/5332/160/478/3816/483/115/793/486"
"hsa04261","Adrenergic signaling in cardiomyocytes",147,0.515187269116644,1.26692350168327,0.00107688524328728,0.00966435474744992,0.0069757748553022,7200,"tags=50%, list=30%, signal=35%","5330/6262/185/196883/6543/11069/596/7169/107/7168/482/148/113/1390/64764/59283/775/5523/3784/817/783/6546/154/2770/3776/111/810/2771/493/90993/489/488/55799/6330/476/153/2778/93589/7171/5331/109/5501/6300/5566/146850/481/10411/5603/782/6324/59284/146/6548/70/7170/818/5578/5332/785/23533/64208/478/7139/10369/776/781/483/784/115/5522/147/208/486"
"hsa04260","Cardiac muscle contraction",78,0.557297148192925,1.34735086772497,0.00120574033677733,0.0102012352612583,0.00736329763218645,6725,"tags=46%, list=28%, signal=33%","6262/6543/7169/7168/482/59283/775/783/6546/1339/489/488/55799/476/93589/7171/481/782/125965/59284/6548/70/7170/785/478/7139/84701/10369/7381/1345/9377/776/781/483/29796/784"
"hsa04911","Insulin secretion",83,0.552457607190312,1.33698023207688,0.001224148231351,0.0102012352612583,0.00736329763218645,8099,"tags=59%, list=34%, signal=39%","5330/6262/885/6844/196883/11069/107/482/113/64764/2645/5579/3781/775/817/111/5864/9699/90993/6833/5582/1131/476/2778/3651/5331/109/54795/6616/10242/5566/3780/481/2740/818/5578/5332/478/3783/776/483/115/27345/486/3778/886/1388/6513/816"
"hsa04670","Leukocyte transendothelial migration",108,0.534741340363951,1.29938998091535,0.001224148231351,0.0102012352612583,0.00736329763218645,7187,"tags=49%, list=30%, signal=35%","3676/5880/1535/71/11069/10451/6494/9071/5293/100506658/5010/4318/1496/9080/50848/7122/7294/5579/83593/7852/2770/10398/2771/5906/23562/5582/9074/3383/7412/1003/58494/3683/4313/7070/6300/5296/10411/5603/9564/149461/3689/6387/4636/5578/1495/93408/1365/10686/644672/2909/5747/998/5295"
"hsa04970","Salivary secretion",87,0.551777096064527,1.33453586860894,0.00126096403591905,0.0102636607574807,0.00740835663697853,7424,"tags=53%, list=31%, signal=37%","362/5330/6844/196883/107/482/148/113/683/5579/154/111/5592/810/493/5582/1131/476/4025/153/2778/3709/5331/155/109/952/5566/6522/481/146/55503/820/6548/5578/5332/478/3783/54831/483/115/2977/1755/147/486/3778/51806"
"hsa04913","Ovarian steroidogenesis",51,0.593701676252447,1.40335588066083,0.00137141155808757,0.0109089555756965,0.00787413334787119,5588,"tags=41%, list=23%, signal=32%","1583/196883/641371/1545/107/113/240/3294/122970/3480/1543/3643/111/5743/2778/10965/109/5566/3479/6770/3292"
"hsa04022","cGMP-PKG signaling pathway",160,0.510840329293332,1.2594999090226,0.00155549104624117,0.0120982636929869,0.00873258131223115,8034,"tags=52%, list=33%, signal=35%","3667/5330/185/196883/6543/151/4776/1258/7419/107/482/148/113/5581/1910/4775/64764/91807/775/1909/6546/154/3643/2770/111/5592/10672/810/4881/152/10398/2771/493/90993/624/489/488/476/5997/2626/153/4205/4773/3709/4209/5331/4846/155/4772/109/10335/4208/8660/5501/10242/146850/481/4638/6722/134/146/4879/5332/23533/478/85366/776/150/7225/483/115/27345/2977/147/208/486/3778/51806/1388/5605/5499/91860/5138"
"hsa04921","Oxytocin signaling pathway",151,0.508683030485239,1.2518732662684,0.00161071494698483,0.012255439814015,0.00884603174545446,9380,"tags=61%, list=39%, signal=37%","5330/57118/6262/196883/71/4776/107/113/4775/5579/59283/91807/775/817/783/5020/54776/3760/1956/2770/111/5743/51422/810/4881/10398/2771/7226/5582/55799/5021/5997/4773/1026/2778/3709/3762/93589/5331/4846/4772/109/952/4208/5501/6714/1827/5566/146850/782/814/59284/4638/2353/3770/818/5578/5332/785/23533/6261/10645/10369/4637/85366/776/781/3765/784/115/4660/2977/51806/3768/5563/5605/5499/91860/5564/816/8605/3845/3710/340156/805/808/29904/5594/3265/801/283748/59285"
"hsa04270","Vascular smooth muscle contraction",131,0.516484784999821,1.26599244039449,0.00177638676530138,0.0132284120820315,0.00954832751785735,9342,"tags=60%, list=39%, signal=37%","94274/5330/551/133/185/196883/552/107/79784/148/113/5581/5579/91807/775/1909/54776/9138/111/5592/136/796/10672/810/4881/553/10398/50487/135/5582/2778/3709/800/10268/5331/109/10335/5501/10242/5566/1906/4629/4638/146/5578/4879/5332/5588/4637/85366/776/391013/115/27345/4660/2977/4627/147/3778/51806/59/5319/5605/5499/91860/8605/9826/3710/340156/79924/1907/805/808/27094/5594/801/5583/283748"
"hsa04974","Protein digestion and absorption",94,0.540840192365981,1.31139372884851,0.00190542407897014,0.0138937172424906,0.0100285477840534,9463,"tags=64%, list=39%, signal=39%","1298/1307/1280/6543/1294/1296/1282/1302/255631/482/23428/2006/80781/1303/3784/6546/84570/6510/1299/1358/10008/476/1277/6550/1286/1290/481/1284/7373/6520/1285/478/3783/117247/9056/3769/483/54407/486/120103/4311/169044/1291/1803/136227/1289/340267/1308/440387/1281/91522/1292/1278/1306/1506/6519/11136/6505/1301/50509"
"hsa05130","Pathogenic Escherichia coli infection",189,0.493927232789142,1.22628803290539,0.00209041115341923,0.0149315082387088,0.0107776300068875,6698,"tags=39%, list=28%, signal=28%","5058/64005/7132/71/9170/644150/1902/4641/29108/9071/7456/100506658/10381/79784/5010/9080/2149/9267/7122/114609/9266/10787/382/10458/5601/114548/9138/7189/147179/10672/841/4792/10095/3551/84617/23562/4651/23191/57121/10972/9074/347733/578/10382/4615/3554/9181/7277/5602/4430/6714/6300/7280/5603/26999/4629/203068/149461/3553/10006/2353/653857/51807/8772/581/3059/1365/7124/8795/7082/10686/8743/644672/4644"
"hsa04933","AGE-RAGE signaling pathway in diabetic complications",96,0.537175595542463,1.3023486457027,0.00257137933028072,0.0179996553119651,0.0129922324056289,9170,"tags=69%, list=38%, signal=43%","50507/5330/5333/185/1282/596/5293/2152/84812/7042/5581/3552/4088/5579/5054/5601/7043/6774/7046/7048/6776/1277/3383/7412/5292/5331/4846/4772/5602/4313/7424/6300/1906/5296/1286/6777/5603/3553/2308/1284/7056/2335/581/5578/5332/1285/7423/7124/1027/4087/998/208/6401/5295/5335/3717/3845/7040/1281/8503/7422/5599/5594/1278/5590/3265"
"hsa04512","ECM-receptor interaction",87,0.539330416968936,1.30443215495971,0.00294135598648835,0.0197975883705947,0.014289988598324,6380,"tags=51%, list=27%, signal=37%","1298/960/3696/3676/3909/1280/1282/7060/3679/3914/3910/5649/7057/1101/3918/1299/3673/1311/961/22987/3912/7058/375790/1277/255743/158326/9900/6696/7148/3674/1286/6382/3691/1284/22798/2335/3695/3678/2811/1285/3908/22801/7450/2814"
"hsa05022","Pathways of neurodegeneration - multiple diseases",446,0.457165681199386,1.15589159450722,0.00294135598648835,0.0197975883705947,0.014289988598324,10011,"tags=48%, list=42%, signal=29%","1435/5630/7472/50507/7474/5330/517/10297/7222/7482/196385/324/6712/6262/7132/4741/2882/8321/2878/8324/3831/596/5710/824/7473/6310/7419/10381/89780/64837/2902/1454/80326/823/1769/84557/643246/5709/7802/3552/2877/5579/4747/775/7471/1128/817/6622/55669/5601/6531/8632/1339/5743/22863/7483/55567/810/841/7855/9627/22943/120892/11211/8701/27121/81029/84617/489/488/5582/1131/2861/7484/347733/578/10382/351/51384/1742/2081/3709/7475/8312/10023/2911/7345/5331/2915/3798/4217/1639/8326/7277/5602/2893/627/6300/5708/54361/146754/10010/201625/8851/7280/5603/8878/7477/125965/2535/203068/3553/1616/8325/5663/7480/1139/51807/6390/4744/8772/10133/818/22926/27123/581/5578/11047/5332/4294/8313/1768/6261/7124/84701/9706/83544/4041/7381/1345/9377/776/27019/29796/9927/9246/5685/2906/60673/4718/143471/1460/126328/51806/5621/4218/4720/2880/7318/3064/3092/5605/513/91860/2904/4696/4725/5335/816/4137/30849/3845/2475/7494/2905/7476/4723/3710/10975/7976/5599/79139/5692/805/808/2876/6804/5594/56171/8323/8408/5715/3265/51465/4722/801/2903/5717/5693/203228/26100/84134/1767/1351/487/7133/440738/637/1857/4040/7311/317/3708/4893/5595/51164"
"hsa04950","Maturity onset diabetes of the young",26,0.653850000198698,1.46828909843015,0.00308938469599509,0.0200237896962645,0.0144532617356495,6148,"tags=73%, list=26%, signal=54%","4821/3110/4760/3171/5080/3175/3280/168620/6928/2494/2645/389692/4825/222546/3651/3087/3172/3170/6927"
"hsa04072","Phospholipase D signaling pathway",145,0.501933695464659,1.23364266687676,0.00308934683606038,0.0200237896962645,0.0144532617356495,7492,"tags=48%, list=31%, signal=33%","5330/551/185/196883/9170/11069/552/1902/53358/3815/6009/5293/107/113/2149/6464/56895/9267/9266/8525/382/6850/3643/5337/1956/111/26052/10672/4254/553/57121/23566/8612/9162/5159/2778/56034/2911/2917/5331/2915/2914/109/7248/5156/146850/5296/10411/5155/3579/8877/8395/8527/5578/22808/5332/23533/7249/5154/1606/115/5900/208/5295/80310/56894/10554/2918/9846/2913"
"hsa04115","p53 signaling pathway",75,0.54753562720553,1.32111732357606,0.00327433551609133,0.0208366805569449,0.0150400100260655,6916,"tags=45%, list=29%, signal=32%","2810/894/84883/27113/596/7161/1647/56475/143686/10848/1029/7057/1021/3732/1643/5054/64065/841/896/3486/63970/1026/4194/4616/9540/3479/55367/581/51246/7249/8795/64393/25946/7157"
"hsa04350","TGF-beta signaling pathway",109,0.518851667687864,1.26142402575963,0.00360731540970511,0.0225457213106569,0.0162736033520531,9101,"tags=61%, list=38%, signal=38%","2200/4681/7018/2615/652/375387/148738/268/3624/90/151449/3400/8454/7042/659/7057/4088/91/8646/5308/7043/56963/9978/6667/1030/4092/7046/7048/92/2331/353500/3625/25805/8200/6500/26585/4090/9372/2014/60436/7050/655/7036/4052/7124/650/130399/79875/4087/4756/1874/1387/6498/392255/10468/4838/83729/5518/57817/5515/93/7040/4093/5594/4609/7044"
"hsa04927","Cortisol synthesis and secretion",62,0.554776542779462,1.32560187788431,0.00412710749544871,0.0253418881299482,0.018291889176504,4555,"tags=39%, list=19%, signal=31%","5330/8913/1583/185/196883/107/113/8622/5443/64764/8912/775/3776/111/6667/8911/90993/3777/4158/2778/3709/5331/109/5566"
"hsa04971","Gastric acid secretion",75,0.542513350449876,1.30899935992947,0.004498909339188,0.0271111766527407,0.0195689696140083,8886,"tags=67%, list=37%, signal=42%","5330/196883/71/1080/107/482/113/5579/91807/3784/817/2770/3776/111/495/810/2771/5582/1131/476/3766/2778/3709/5331/109/5566/6522/481/4638/6548/818/5578/5332/478/389015/85366/3758/483/3772/115/54207/51806/91860/816/3274/3710/340156/7430/805/808"
"hsa04144","Endocytosis",238,0.469468882691206,1.17345111370205,0.00464763028332698,0.0271111766527407,0.0195689696140083,7566,"tags=39%, list=31%, signal=27%","3305/3303/138429/858/3133/3134/5662/50807/644150/5878/254122/7456/23624/23362/56288/3482/10617/9267/57132/4088/3480/8729/28964/9266/2263/382/9744/7852/30846/5337/1956/26052/7189/857/57403/147179/2261/4734/7046/7048/10095/5119/408/23327/9829/11031/29082/80223/84440/84612/22841/156/9922/3798/9727/6714/1601/116986/5156/9372/58513/868/1173/27183/3579/1212/26119/3135/8853/653857/8395/51160/440073/89853/3312/160/157/83737/155382/29924/4087/60682/9798/2264/10193/998/5867/832/93343/3560/116985/4218"
"hsa05132","Salmonella infection",238,0.469441204343623,1.17338193086801,0.00464763028332698,0.0271111766527407,0.0195689696140083,6582,"tags=33%, list=27%, signal=24%","5058/5420/7132/71/5878/83658/51429/3831/596/257364/29108/5287/302/5293/10381/64837/79026/10333/9267/79792/114609/9266/10787/6281/382/5601/114548/7189/1783/11035/841/10398/26084/4792/5585/10095/3551/84617/23191/929/345456/1778/347733/578/10382/329/4615/113146/83439/6500/3798/6934/1639/7277/5602/6300/6932/7280/5603/26999/203068/3553/10006/2353/4636/51176/653857/112574/51807/8772/581/93408/7124/8795/330/375189/388/8743"
"hsa05032","Morphine addiction",88,0.534703860460562,1.29358228251658,0.00487071188714212,0.0279467075491761,0.0201720595843677,7160,"tags=49%, list=30%, signal=34%","5144/2563/5143/5141/196883/2786/2550/107/2557/113/8622/5579/3760/2770/111/2771/2555/5582/5153/408/10681/2778/3762/156/109/5566/5136/2788/134/94235/5142/5578/2561/157/140679/2569/2558/51764/3765/1812/115/2568/2562"
"hsa04920","Adipocytokine signaling pathway",67,0.545152646418739,1.30777920542872,0.00539123635998424,0.0303644281664714,0.0219171812329418,8411,"tags=57%, list=35%, signal=37%","3667/7132/126129/4852/3953/5443/3952/10891/6256/5601/1375/6258/6774/51422/4792/3551/9021/5465/51703/8660/5602/51094/2180/10645/1374/5588/7124/6257/32/208/23305/9370/5563/6513/5564/3717/8717/2475"
"hsa04148","Efferocytosis",156,0.495049771316922,1.21973893734729,0.00546559706996485,0.0303644281664714,0.0219171812329418,6294,"tags=40%, list=26%, signal=30%","1846/161291/126129/9023/84466/5468/4776/5878/5734/5031/6446/558/240/7057/4775/140885/5732/1849/6256/817/2056/4240/961/1375/4035/23200/5743/2057/338440/6376/489/488/84465/5029/1398/246/10062/196527/1788/286046/4773/19/63982/2621/4772/51761/6300/7301/5467/5603/9564/10396/3091/8877/23166/818/80824/1374/55113/1847/8578/50636"
"hsa04540","Gap junction",88,0.531833351569681,1.28663780405358,0.00561431853612597,0.0307033044944389,0.0221617836952341,7208,"tags=50%, list=30%, signal=35%","5330/196883/1902/10381/107/1813/113/5579/1956/2770/111/5592/2771/84617/5582/347733/10382/5159/153/2778/56034/3709/2911/5331/2915/109/7277/6714/5156/5566/7280/5155/203068/3357/2697/51807/5578/5332/7082/5154/1812/115/2977/80310"
"hsa03320","PPAR signaling pathway",72,0.551461315025258,1.32964852465467,0.00583740084204028,0.0314321583802169,0.0226878737180513,7961,"tags=54%, list=33%, signal=36%","2171/7350/5360/440503/1962/10873/126129/5346/123/5468/1593/2170/51129/6256/1375/6258/11001/9415/79966/10580/10062/5465/51703/376497/4023/5467/33/2167/2180/6319/1374/6257/4312/1376/23305/2173/9370/6342/116519"
"hsa04918","Thyroid hormone synthesis",73,0.544179595514852,1.31234170502368,0.00613484409399461,0.0325332641348199,0.0234826568191181,6867,"tags=48%, list=29%, signal=34%","5330/196883/53905/2882/2878/4036/405753/107/482/113/64764/2877/5579/5172/111/6528/90993/5582/476/2778/3709/5331/109/432/5566/481/50506/5578/5332/478/7849/7253/7173/483/115"
"hsa04925","Aldosterone synthesis and secretion",94,0.526404037861955,1.27638989083408,0.00628356578790411,0.0328245973994991,0.023692942483849,5913,"tags=45%, list=25%, signal=34%","5330/8913/57118/1583/185/196883/107/482/113/5443/5581/64764/5579/8912/775/25865/817/111/810/4881/8911/493/90993/5582/476/3777/4158/2778/3709/3762/5331/109/5566/481/814/5587/6770/51305/818/5578/5332/478"
"hsa04724","Glutamatergic synapse",115,0.514570651065354,1.25419623674591,0.00650664840495035,0.0334901020843033,0.0241733067676174,7572,"tags=50%, list=31%, signal=35%","2900/5330/196883/2786/57030/107/2902/113/5579/246213/775/85358/6506/9456/10991/3760/5337/2770/81539/111/2771/5582/2898/10681/9762/2778/1742/3709/6507/22941/2911/156/2917/5331/2915/2914/109/2744/2893/5566/116443/2788/94235/2752/5578/5332/157/2901/9454/776/51764/115/2906/54407/50944/2918/2913/2897"
"hsa05207","Chemical carcinogenesis - receptor activation",197,0.479160388633367,1.19162957003106,0.00680409202256532,0.0345135102593893,0.0249120074052735,9003,"tags=51%, list=37%, signal=32%","2100/164091/119391/2253/5241/196883/2948/596/2944/8600/79852/5293/182/1545/107/113/28514/1143/604/2941/26281/64764/2946/5579/775/1543/6256/7471/2254/154/1956/2770/6195/111/6258/6774/54578/2771/90993/5582/9641/896/408/6776/5465/153/2778/2247/9314/10728/155/109/2949/2099/6714/5566/5296/6777/6196/7421/1139/2353/9446/10683/5578/8817/54567/776/2250/6257/3839/115/4257/253152/688/3320/85315/208/990/5295/2248/1137/55584/2255/405/1388/5605/196/1544/3717/54852/3845/2475/2249/407025/8503/7422/3840/993/5594/4609"
"hsa04330","Notch signaling pathway",62,0.545087941426344,1.30245160537383,0.00732461865588345,0.0366230932794173,0.0264347139460455,7574,"tags=56%, list=31%, signal=39%","388585/3280/23220/26508/6310/182/1487/84441/441478/9612/28514/23013/55534/9794/51107/196403/11317/9253/7089/3955/1840/23493/5663/4855/4854/171558/10683/7090/83737/54567/7091/8850/1387/79816/1488"
"hsa04727","GABAergic synapse",84,0.524388266040716,1.2695981449914,0.00844443048259223,0.0416274742099617,0.0300468986778671,7394,"tags=49%, list=31%, signal=34%","2563/57468/196883/2571/2786/11345/2550/107/2557/113/5579/775/2572/10991/2770/81539/111/6539/2771/2555/5582/10681/109/2744/6714/5566/2788/94235/2752/5578/2561/140679/2569/776/2558/51764/115/54407/2568/2562/18"
"hsa04530","Tight junction",161,0.487944839928059,1.20330842276595,0.00874334070676697,0.042502350657895,0.0306783884447964,9226,"tags=50%, list=38%, signal=31%","861/71/154810/1080/9071/100506658/79784/5010/79778/11346/9080/4771/56288/5581/50848/7122/7074/5601/57530/27134/51422/4734/10398/10095/5906/23562/9693/23327/912/9074/51762/2626/92359/84612/58494/9181/4217/7277/1740/5602/6714/93643/5566/4629/149461/653857/51807/58538/2064/5962/51735/3059/1365/4637/776/7082/10686/644672/8189/998/5522/4627/5872/26285/4218/5563/8777/3308/4301/5564/5518/9076/5515/64398/7430/5599/51421/5590/87/51208"
"hsa04150","mTOR signaling pathway",152,0.484325060114444,1.19201265860342,0.00889279591382428,0.0426366927375136,0.0307753571639196,6275,"tags=39%, list=26%, signal=29%","7472/3667/7474/7482/7132/6249/8321/8324/220441/7473/6446/6009/5293/89780/51256/80326/5579/3480/90423/7471/3643/6195/7483/7855/11211/81029/3551/5582/7484/10670/55615/51384/7475/8326/1977/9681/7248/54361/5296/3479/6196/253314/7477/57521/2535/8325/7480/79899/6520/652968/5578/7249/57600/7124/9706/4041/51719/2887/9550"
"hsa05010","Alzheimer disease",357,0.451335430253935,1.1373838056778,0.00949061730540365,0.0448880548228551,0.0324004004736398,10070,"tags=48%, list=42%, signal=29%","1435/7472/50507/3667/7474/5330/517/10297/7482/324/7132/8321/8324/3831/5710/824/7473/5293/7419/10381/89780/64837/2902/1454/80326/823/5709/3552/775/7471/1128/6622/5601/5610/3643/1339/4035/5743/22863/51107/7483/810/841/4891/7855/22943/11211/27121/81029/3551/84617/489/488/1131/7484/347733/10382/64116/351/51384/2081/3709/7475/8312/10023/5331/2915/3798/10313/4217/8326/7277/322/8660/5602/4023/5708/54361/5296/8851/7280/7477/125965/2535/203068/3553/8325/5663/7480/1139/51807/6390/8772/23516/22926/27123/11047/5332/8313/7124/84701/9706/4041/7381/1345/9377/776/27173/57181/29796/5685/2906/25825/60673/208/5295/4718/143471/1460/91252/126328/4311/51806/4720/5605/513/7922/201266/91860/2904/4696/348/4725/4137/30849/3845/2475/7494/2905/7476/4723/3710/10975/57142/8503/7976/5599/5692/805/808/5594/8323/8408/5715/3265/4722/801/2903/5717/5693/26100/1351/487/637/1857/4040/110117499/317/3708/4893/5595/3416/5687"
"hsa04750","Inflammatory mediator regulation of TRP channels",98,0.515589979047013,1.25066529395447,0.00978952830308573,0.0450833540273685,0.0325413683205066,9342,"tags=65%, list=39%, signal=40%","239/5330/196883/5734/5293/107/40/113/5581/5579/5732/59341/817/5601/162514/111/3269/810/4803/624/5582/5029/623/2778/3709/3554/5331/109/5602/5501/6714/6300/3556/5566/5296/3479/5603/3553/3357/818/5578/5332/5588/55515/115/5295/79054/51806/5499/91860/5335/816/8605/4914/51393/3710/8503/5599/805/808/2150/801/5583/283748"
"hsa05034","Alcoholism",168,0.485738393815046,1.20093953786737,0.00978952830308573,0.0450833540273685,0.0325413683205066,9996,"tags=56%, list=42%, signal=33%","8360/8968/4915/8352/4852/8353/2786/8368/53358/8356/2030/8345/8346/1813/2902/51564/6464/8355/83933/64764/8344/3018/7054/6531/2770/111/9734/136/810/3012/8361/5569/2771/135/90993/8354/10681/84152/8294/2778/8367/5501/627/9555/5566/55766/116443/6571/814/2788/3177/10014/8332/94235/8350/8339/10645/8342/51764/1392/1812/2354/2906/3021/6570/51806/1388/5499/8335/317772/91860/2904/9759/3845/55506/2905/1644/85236/805/808/5594/3265/801/3020/2903/399694/2793/1385/2775/54331/2785/4893/5595/2885"
"hsa04814","Motor proteins",191,0.474594566996304,1.17852773995245,0.0100884394781796,0.0452686386841391,0.0326751076216343,7949,"tags=40%, list=33%, signal=27%","23046/196385/64005/71/124602/200132/83658/3801/4641/374654/3831/7125/57576/126820/10381/7169/7168/79784/64837/51168/113220/1769/7802/8632/9371/1783/55567/10398/8701/90990/84617/4651/84376/1778/347733/55614/10382/4647/22989/7171/80022/3798/1639/7277/4430/146754/201625/7280/4629/203068/58/3797/3796/4636/547/51807/70/7170/10749/1768/7139/93408/83544/4637/27019/4644/4627/3833/399687/832/4650/55083/55605/59/4542/27175/9493"
"hsa05131","Shigellosis",236,0.468099313630386,1.16945711399443,0.0100884394781796,0.0452686386841391,0.0326751076216343,7382,"tags=39%, list=31%, signal=28%","960/5330/8968/5333/8352/7132/10801/71/8353/100132074/596/29108/340061/23048/824/8356/5293/84812/115004/664/823/8454/8355/84557/643246/5581/9267/9266/83660/382/7335/5601/114548/1956/7189/9978/22863/10398/4792/10095/3551/8354/831/929/1398/345456/10670/4615/1437/3709/3554/10318/5331/9181/6500/5602/6714/6300/23176/5296/5603/8878/9564/3098/57521/3553/2308/826/4636/653857/7094/3678/8350/8945/581/5332/5588/93408/3059/7124/55752/375189/92610/9474/5747/989/7157/80201/998/208/5295/3021/7188"
"hsa05146","Amoebiasis",99,0.5093057488821,1.23507790608981,0.0103873508153711,0.0460199086756949,0.0332173776907271,6927,"tags=46%, list=29%, signal=33%","5330/3909/2769/9630/2774/5878/1282/5293/107/3914/2921/3910/7042/5579/3918/7850/5275/7043/3912/5052/5582/929/912/1277/2919/1437/2778/3554/5331/5566/5296/1286/3553/3689/1284/22798/2335/5578/5332/1285/3908/7124/4583/5747/3592/5272"
"hsa04064","NF-kappa B signaling pathway",93,0.517003355516232,1.25304986132158,0.010536806540443,0.0460985286144381,0.0332741259171884,6314,"tags=46%, list=26%, signal=34%","128178/353376/7185/7132/596/8600/1647/10848/8837/2921/597/4067/5579/114609/115650/6850/7189/4050/5743/84433/4792/3551/929/7535/329/3383/4615/2919/7412/3554/4616/4055/958/3553/6387/79092/55367/3932/4791/10913/5588/7124/330"
