"","Description","N","DE","P.DE","FDR"
"hsa04519","Cadherin signaling",393,392,7.88911008763403e-07,0.000292685984251222
"hsa04080","Neuroactive ligand-receptor interaction",343,341,3.23853649718755e-05,0.00433153798311831
"hsa04014","Ras signaling pathway",228,228,6.13016280874783e-05,0.00433153798311831
"hsa05200","Pathways in cancer",509,503,6.22615827847608e-05,0.00433153798311831
"hsa04517","IgSF CAM signaling",286,285,6.48625814296874e-05,0.00433153798311831
"hsa04820","Cytoskeleton in muscle cells",225,225,7.00518272202422e-05,0.00433153798311831
"hsa04024","cAMP signaling pathway",219,219,9.10315810352159e-05,0.00482467379486644
"hsa05165","Human papillomavirus infection",318,316,0.000129852424727753,0.00602190619674953
"hsa05205","Proteoglycans in cancer",198,198,0.000239745978895329,0.00988286201890745
"hsa04082","Neuroactive ligand signaling",192,192,0.000283431764672773,0.0100151002305125
"hsa04740","Olfactory transduction",337,332,0.000296943672602796,0.0100151002305125
"hsa04020","Calcium signaling pathway",241,240,0.000389586765899573,0.0120447241790618
"hsa04151","PI3K-Akt signaling pathway",343,339,0.000890979024375604,0.0254271706187192
"hsa05225","Hepatocellular carcinoma",163,163,0.000996821106598486,0.0264157593248599
"hsa04015","Rap1 signaling pathway",208,207,0.00140545548305972,0.0347615989476771
"hsa04010","MAPK signaling pathway",288,285,0.00168471055121826,0.0390642259063734
"hsa04518","Integrin signaling",149,149,0.00193779942879889,0.0419982542635632
"hsa05226","Gastric cancer",148,148,0.00204767139200562,0.0419982542635632
"hsa04072","Phospholipase D signaling pathway",145,145,0.00218381597591093,0.0419982542635632
"hsa05224","Breast cancer",146,146,0.00226405683361527,0.0419982542635632
"hsa04510","Focal adhesion",196,195,0.00253098634510297,0.0447140920968191
"hsa04514","Cell adhesion molecule (CAM) interaction",138,138,0.00268874045234771,0.0450925326819917
"hsa04371","Apelin signaling pathway",138,138,0.002805016539374,0.0450925326819917
"hsa04062","Chemokine signaling pathway",184,183,0.00291703715463019,0.0450925326819917
"hsa05418","Fluid shear stress and atherosclerosis",134,134,0.00311681266981019,0.0462535000199832
"hsa04270","Vascular smooth muscle contraction",131,131,0.00369383107732884,0.0523799297009004
"hsa04910","Insulin signaling pathway",132,132,0.0038144486493255,0.0523799297009004
"hsa04382","Cornified envelope formation",206,204,0.00402068794873771,0.0523799297009004
"hsa05163","Human cytomegalovirus infection",215,213,0.00409438803591944,0.0523799297009004
"hsa04926","Relaxin signaling pathway",126,126,0.00477006034527674,0.0589897462699224
"hsa04611","Platelet activation",125,125,0.00508735943576923,0.060884204860335
"hsa04360","Axon guidance",177,176,0.00539382040972666,0.0625346053752684
"hsa04310","Wnt signaling pathway",173,172,0.00597779506439612,0.067204908148211
"hsa04725","Cholinergic synapse",112,112,0.00889659926324544,0.0927003163422642
"hsa04726","Serotonergic synapse",108,108,0.00897926818875429,0.0927003163422642
"hsa04928","Parathyroid hormone synthesis, secretion and action",113,113,0.00899517894426283,0.0927003163422642
"hsa04022","cGMP-PKG signaling pathway",160,159,0.00924704558697805,0.0927203760207799
"hsa04931","Insulin resistance",106,106,0.0114309601297379,0.111602268635072
"hsa04934","Cushing syndrome",153,152,0.0123897874264178,0.117563792521519
"hsa04921","Oxytocin signaling pathway",151,150,0.0128127586206437,0.117563792521519
"hsa05215","Prostate cancer",103,103,0.012992225049548,0.117563792521519
"hsa05414","Dilated cardiomyopathy",101,101,0.0142533424857488,0.123051593007058
"hsa04916","Melanogenesis",101,101,0.0145166783830293,0.123051593007058
"hsa04261","Adrenergic signaling in cardiomyocytes",148,147,0.0145937199253653,0.123051593007058
"hsa04972","Pancreatic secretion",94,94,0.0155561401538331,0.128251733268268
"hsa04750","Inflammatory mediator regulation of TRP channels",98,98,0.0161477824841361,0.130235376122055
"hsa05410","Hypertrophic cardiomyopathy",96,96,0.0174148720724523,0.131655038979215
"hsa04713","Circadian entrainment",96,96,0.0177918107675424,0.131655038979215
"hsa04933","AGE-RAGE signaling pathway in diabetic complications",96,96,0.0178193323912569,0.131655038979215
"hsa01522","Endocrine resistance",96,96,0.0182839079800722,0.131655038979215
"hsa05202","Transcriptional misregulation in cancer",180,178,0.0186187500194561,0.131655038979215
"hsa04081","Hormone signaling",211,208,0.0188100387902494,0.131655038979215
"hsa04925","Aldosterone synthesis and secretion",94,94,0.0191599882712687,0.131655038979215
"hsa04657","IL-17 signaling pathway",90,90,0.019650472557602,0.131655038979215
"hsa04550","Signaling pathways regulating pluripotency of stem cells",140,139,0.019784820669253,0.131655038979215
"hsa04915","Estrogen signaling pathway",137,136,0.0198724587138438,0.131655038979215
"hsa04912","GnRH signaling pathway",91,91,0.0207478354838913,0.13504292920217
"hsa04970","Salivary secretion",87,87,0.0219288177697989,0.140268817113713
"hsa04742","Taste transduction",83,83,0.0241754590245535,0.152018564374735
"hsa05032","Morphine addiction",88,88,0.0246675385044606,0.152527613085915
"hsa04145","Phagocytosis",233,229,0.0252204288797497,0.15338982154733
"hsa05150","Staphylococcus aureus infection",77,77,0.0263807308929401,0.155833657877557
"hsa04512","ECM-receptor interaction",87,87,0.0264623192622267,0.155833657877557
"hsa01100","Metabolic pathways",1491,1442,0.0271147050038765,0.157180555569346
"hsa04728","Dopaminergic synapse",129,128,0.027679586816737,0.157573542444613
"hsa04727","GABAergic synapse",84,84,0.0280319509470201,0.157573542444613
"hsa04911","Insulin secretion",83,83,0.0302993662258585,0.167777087608858
"hsa05412","Arrhythmogenic right ventricular cardiomyopathy",83,83,0.0308580529519848,0.168357906546858
"hsa04530","Tight junction",163,161,0.0326297402923566,0.175443965919772
"hsa04260","Cardiac muscle contraction",78,78,0.0346530778465012,0.183661312586457
"hsa04140","Autophagy - animal",159,157,0.0372515545155606,0.193114013292804
"hsa01521","EGFR tyrosine kinase inhibitor resistance",79,79,0.0375411713417804,0.193114013292804
"hsa04060","Cytokine-cytokine receptor interaction",274,268,0.0379981751223037,0.193114013292804
"hsa04971","Gastric acid secretion",75,75,0.042930013208414,0.206356791305363
"hsa05214","Glioma",75,75,0.0434560473533426,0.206356791305363
"hsa04919","Thyroid hormone signaling pathway",118,117,0.0435653588231541,0.206356791305363
"hsa05220","Chronic myeloid leukemia",75,75,0.0436855239740767,0.206356791305363
"hsa04810","Regulation of actin cytoskeleton",222,218,0.0439481501981904,0.206356791305363
"hsa04935","Growth hormone synthesis, secretion and action",117,116,0.0443011944528977,0.206356791305363
"hsa04918","Thyroid hormone synthesis",73,73,0.0444974213057387,0.206356791305363
"hsa05212","Pancreatic cancer",74,74,0.0458788868205846,0.209570719123791
"hsa04724","Glutamatergic synapse",115,114,0.046459257915987,0.209570719123791
"hsa04722","Neurotrophin signaling pathway",115,114,0.0468850934966972,0.209570719123791
"hsa05160","Hepatitis C",148,146,0.0478427930228796,0.211305669184385
"hsa04917","Prolactin signaling pathway",71,71,0.0488618824705252,0.213267745841939
"hsa05223","Non-small cell lung cancer",72,72,0.0501081395463918,0.216164183391993
"hsa05218","Melanoma",71,71,0.051253272133568,0.21856280415579
"hsa04670","Leukocyte transendothelial migration",109,108,0.0562010635714754,0.234750031513553
"hsa04664","Fc epsilon RI signaling pathway",67,67,0.0563146975868093,0.234750031513553
"hsa05417","Lipid and atherosclerosis",204,200,0.0610571727814756,0.249886574850031
"hsa04142","Lysosome biogenesis",239,234,0.0612929334537812,0.249886574850031
"hsa00590","Arachidonic acid metabolism",61,61,0.062882114851933,0.253578963152904
"hsa05221","Acute myeloid leukemia",65,65,0.0645576099899306,0.257536272110368
"hsa04620","Toll-like receptor signaling pathway",98,97,0.0684811517897491,0.26736525958454
"hsa04929","GnRH secretion",63,63,0.0688750133873093,0.26736525958454
"hsa04936","Alcoholic liver disease",134,132,0.0691834633965386,0.26736525958454
"hsa05217","Basal cell carcinoma",63,63,0.0727225542517877,0.272233399496161
"hsa04330","Notch signaling pathway",62,62,0.0736823812539088,0.272233399496161
"hsa05142","Chagas disease",100,99,0.0737802003136003,0.272233399496161
"hsa04927","Cortisol synthesis and secretion",62,62,0.0739410826823988,0.272233399496161
"hsa04659","Th17 cell differentiation",100,99,0.0741120575447771,0.272233399496161
"hsa05146","Amoebiasis",99,98,0.0749626227456583,0.272658167045483
"hsa04210","Apoptosis",133,131,0.0795070134050371,0.286379630808435
"hsa05321","Inflammatory bowel disease",58,58,0.0807313673775412,0.287993627856421
"hsa05135","Yersinia infection",132,130,0.0827871469579157,0.292514585917969
"hsa04730","Long-term depression",58,58,0.0851046744018621,0.297866360406517
"hsa04923","Regulation of lipolysis in adipocytes",57,57,0.0880540788190101,0.305309002260306
"hsa04380","Osteoclast differentiation",127,125,0.0897875561442432,0.305375197024407
"hsa04064","NF-kappa B signaling pathway",94,93,0.0910190922666155,0.305375197024407
"hsa04814","Motor proteins",192,188,0.0911472667283847,0.305375197024407
"hsa04666","Fc gamma R-mediated phagosome formation",94,93,0.0922951911315965,0.305375197024407
"hsa04068","FoxO signaling pathway",129,127,0.0929534173643469,0.305375197024407
"hsa05213","Endometrial cancer",57,57,0.0930118524629594,0.305375197024407
"hsa04640","Hematopoietic cell lineage",89,88,0.0978041000815479,0.315653250102075
"hsa05167","Kaposi sarcoma-associated herpesvirus infection",187,183,0.097843999357786,0.315653250102075
"hsa04070","Phosphatidylinositol signaling system",93,92,0.100220752929932,0.320533614974178
"hsa00230","Purine metabolism",124,122,0.102526532512803,0.32510550053205
"hsa04913","Ovarian steroidogenesis",51,51,0.105880078420101,0.332894144863199
"hsa05235","PD-L1 expression and PD-1 checkpoint pathway in cancer",89,88,0.110617557827944,0.343794318377415
"hsa00565","Ether lipid metabolism",50,50,0.11137551492125,0.343794318377415
"hsa05161","Hepatitis B",153,150,0.112126987934413,0.343794318377415
"hsa04540","Gap junction",88,87,0.113839932215675,0.346185367639471
"hsa04390","Hippo signaling pathway",155,152,0.114960348061312,0.346750318136152
"hsa04211","Longevity regulating pathway",89,88,0.116749622549659,0.349307338434868
"hsa04150","mTOR signaling pathway",153,150,0.118090208923849,0.350491740085985
"hsa04660","T cell receptor signaling pathway",118,116,0.124249196867518,0.365844857443246
"hsa04658","Th1 and Th2 cell differentiation",85,84,0.1258569445647,0.367660838059083
"hsa04218","Cellular senescence",151,148,0.128015004788506,0.371002913295263
"hsa00514","Other types of O-glycan biosynthesis",47,47,0.129813536832285,0.371002913295263
"hsa04152","AMPK signaling pathway",119,117,0.130001020831224,0.371002913295263
"hsa05166","Human T-cell leukemia virus 1 infection",209,204,0.131409033447072,0.372158407701249
"hsa04610","Complement and coagulation cascades",79,78,0.135515744003217,0.38088137140298
"hsa04668","TNF signaling pathway",115,113,0.138296023458463,0.383723235523858
"hsa05030","Cocaine addiction",47,47,0.140686639524033,0.383723235523858
"hsa04012","ErbB signaling pathway",83,82,0.141009507038832,0.383723235523858
"hsa05170","Human immunodeficiency virus 1 infection",200,195,0.14125892498546,0.383723235523858
"hsa04621","NOD-like receptor signaling pathway",168,164,0.141698337646276,0.383723235523858
"hsa04930","Type II diabetes mellitus",46,46,0.148670529793175,0.399686714154115
"hsa04975","Fat digestion and absorption",42,42,0.152557194960774,0.407185031154295
"hsa05320","Autoimmune thyroid disease",39,39,0.153803500454988,0.407579276205718
"hsa02010","ABC transporters",43,43,0.156912312912282,0.4125042857629
"hsa04973","Carbohydrate digestion and absorption",43,43,0.157885737407902,0.4125042857629
"hsa04962","Vasopressin-regulated water reabsorption",43,43,0.160724329596825,0.41698409986309
"hsa04350","TGF-beta signaling pathway",109,107,0.165472132341267,0.424657940316736
"hsa01200","Carbon metabolism",106,104,0.165971432199263,0.424657940316736
"hsa05133","Pertussis",74,73,0.171667664488806,0.436223996748952
"hsa04066","HIF-1 signaling pathway",106,104,0.176366758374358,0.443729274917098
"hsa00380","Tryptophan metabolism",39,39,0.17701329565426,0.443729274917098
"hsa04723","Retrograde endocannabinoid signaling",134,131,0.182401645679966,0.450753854120733
"hsa03083","Polycomb repressive complex",75,74,0.183092026528525,0.450753854120733
"hsa03320","PPAR signaling pathway",72,71,0.18424015213328,0.450753854120733
"hsa04625","C-type lectin receptor signaling pathway",104,102,0.184675433494209,0.450753854120733
"hsa00670","One carbon pool by folate",37,37,0.200720447983232,0.478363881042603
"hsa05145","Toxoplasmosis",102,100,0.20236114549926,0.478363881042603
"hsa05143","African trypanosomiasis",36,36,0.202405266514143,0.478363881042603
"hsa05132","Salmonella infection",239,232,0.204305137302133,0.478363881042603
"hsa04061","Viral protein interaction with cytokine and cytokine receptor",93,91,0.204819021246068,0.478363881042603
"hsa04630","JAK-STAT signaling pathway",153,149,0.205083394280377,0.478363881042603
"hsa05164","Influenza A",152,148,0.207297533849109,0.478363881042603
"hsa00564","Glycerophospholipid metabolism",99,97,0.207932390714879,0.478363881042603
"hsa00520","Amino sugar and nucleotide sugar metabolism",37,37,0.209081303968487,0.478363881042603
"hsa04960","Aldosterone-regulated sodium reabsorption",37,37,0.20936738990199,0.478363881042603
"hsa04922","Glucagon signaling pathway",99,97,0.210796411249741,0.478363881042603
"hsa05120","Epithelial cell signaling in Helicobacter pylori infection",68,67,0.213677897898932,0.478363881042603
"hsa05216","Thyroid cancer",37,37,0.213711277826181,0.478363881042603
"hsa00512","Mucin type O-glycan biosynthesis",35,35,0.215209210488386,0.478363881042603
"hsa00250","Alanine, aspartate and glutamate metabolism",36,36,0.216362143284545,0.478363881042603
"hsa04148","Efferocytosis",156,152,0.217523717338172,0.478363881042603
"hsa05140","Leishmaniasis",66,65,0.218815711563235,0.478363881042603
"hsa04924","Renin secretion",68,67,0.219196387539737,0.478363881042603
"hsa05033","Nicotine addiction",36,36,0.220845393960137,0.479144100346262
"hsa04974","Protein digestion and absorption",94,92,0.226101623681905,0.487695944104574
"hsa05211","Renal cell carcinoma",67,66,0.23043090946137,0.49206442648284
"hsa05340","Primary immunodeficiency",33,33,0.231183234271173,0.49206442648284
"hsa04920","Adipocytokine signaling pathway",67,66,0.232325543683195,0.49206442648284
"hsa03030","DNA replication",34,34,0.235463682693275,0.49206442648284
"hsa05332","Graft-versus-host disease",31,31,0.235751973878492,0.49206442648284
"hsa04071","Sphingolipid signaling pathway",124,121,0.237059750916956,0.49206442648284
"hsa05031","Amphetamine addiction",66,65,0.238095046881997,0.49206442648284
"hsa04932","Non-alcoholic fatty liver disease",149,145,0.239339407254516,0.49206442648284
"hsa04710","Circadian rhythm",34,34,0.240063776801601,0.49206442648284
"hsa04981","Folate transport and metabolism",31,31,0.247335950853817,0.501492694378444
"hsa04130","SNARE interactions in vesicular transport",32,32,0.24736701636457,0.501492694378444
"hsa00500","Starch and sucrose metabolism",31,31,0.253045635306875,0.506195260312112
"hsa04720","Long-term potentiation",64,63,0.254188487754413,0.506195260312112
"hsa05208","Chemical carcinogenesis - reactive oxygen species",198,192,0.254686088548659,0.506195260312112
"hsa00630","Glyoxylate and dicarboxylate metabolism",31,31,0.25514424172066,0.506195260312112
"hsa00591","Linoleic acid metabolism",29,29,0.256562489698948,0.50630150892718
"hsa00052","Galactose metabolism",30,30,0.27325060122504,0.536380809812115
"hsa00310","Lysine degradation",61,60,0.275481304314486,0.537913494214075
"hsa04370","VEGF signaling pathway",60,59,0.278369974168077,0.539845303560365
"hsa05330","Allograft rejection",28,28,0.282014691758429,0.539845303560365
"hsa04213","Longevity regulating pathway - multiple species",61,60,0.282051023948039,0.539845303560365
"hsa05323","Rheumatoid arthritis",85,83,0.282291075177118,0.539845303560365
"hsa01523","Antifolate resistance",29,29,0.284048336928376,0.540420169232962
"hsa05152","Tuberculosis",164,159,0.291174286384897,0.548703084026256
"hsa05416","Viral myocarditis",58,57,0.291359858633888,0.548703084026256
"hsa04392","Hippo signaling pathway - multiple species",29,29,0.300105314908407,0.560056898310677
"hsa00020","Citrate cycle (TCA cycle)",28,28,0.300407878069608,0.560056898310677
"hsa00601","Glycosphingolipid biosynthesis - lacto and neolacto series",28,28,0.302812943697031,0.561338861835013
"hsa04744","Phototransduction",27,27,0.305390820071264,0.561338861835013
"hsa05130","Pathogenic Escherichia coli infection",191,185,0.305634636362999,0.561338861835013
"hsa04966","Collecting duct acid secretion",27,27,0.30761494277681,0.56219282645417
"hsa04714","Thermogenesis",214,207,0.315277444801724,0.57337221579137
"hsa05168","Herpes simplex virus 1 infection",160,155,0.319382462383907,0.575533176756405
"hsa00030","Pentose phosphate pathway",26,26,0.325767223667858,0.575533176756405
"hsa05169","Epstein-Barr virus infection",187,181,0.325821465679025,0.575533176756405
"hsa00592","alpha-Linolenic acid metabolism",25,25,0.326511984973691,0.575533176756405
"hsa00480","Glutathione metabolism",51,50,0.327526637538657,0.575533176756405
"hsa04950","Maturity onset diabetes of the young",26,26,0.327897557244574,0.575533176756405
"hsa05310","Asthma",24,24,0.328502565861121,0.575533176756405
"hsa04340","Hedgehog signaling pathway",56,55,0.32887610100366,0.575533176756405
"hsa05131","Shigellosis",237,229,0.33940047503958,0.591162329763776
"hsa04977","Vitamin digestion and absorption",25,25,0.342874940696583,0.593977050754431
"hsa00650","Butanoate metabolism",24,24,0.344218506501894,0.593977050754431
"hsa04662","B cell receptor signaling pathway",78,76,0.347966849887513,0.597665283834571
"hsa00270","Cysteine and methionine metabolism",51,50,0.35097250980414,0.600049774826434
"hsa05207","Chemical carcinogenesis - receptor activation",201,194,0.35728964009926,0.607581439583142
"hsa04721","Synaptic vesicle cycle",78,76,0.359235903902677,0.607581439583142
"hsa05415","Diabetic cardiomyopathy",180,174,0.36029088061534,0.607581439583142
"hsa00900","Terpenoid backbone biosynthesis",23,23,0.368409546087577,0.618461274201317
"hsa04961","Endocrine and other factor-regulated calcium reabsorption",51,50,0.372306959263497,0.620996748729976
"hsa00515","Mannose type O-glycan biosynthesis",23,23,0.373267587511549,0.620996748729976
"hsa05022","Pathways of neurodegeneration - multiple diseases",450,433,0.388306218549517,0.640581192288082
"hsa05144","Malaria",47,46,0.389555506067468,0.640581192288082
"hsa05162","Measles",124,120,0.390219270773872,0.640581192288082
"hsa03430","Mismatch repair",22,22,0.393839769848621,0.643676452043341
"hsa00562","Inositol phosphate metabolism",74,72,0.407374495952883,0.660655225848695
"hsa04964","Proximal tubule bicarbonate reclamation",21,21,0.408598932187135,0.660655225848695
"hsa00770","Pantothenate and CoA biosynthesis",21,21,0.409570625189218,0.660655225848695
"hsa00340","Histidine metabolism",20,20,0.426402744764348,0.684828650682135
"hsa00532","Glycosaminoglycan biosynthesis - chondroitin sulfate / dermatan sulfate",20,20,0.430608354688059,0.686690105247874
"hsa04650","Natural killer cell mediated cytotoxicity",113,109,0.433743835823679,0.686690105247874
"hsa05231","Choline metabolism in cancer",96,93,0.434712279084712,0.686690105247874
"hsa03272","Virion - Hepatitis viruses",45,44,0.434965430547845,0.686690105247874
"hsa01524","Platinum drug resistance",68,66,0.445510915252583,0.700358260841984
"hsa05010","Alzheimer disease",361,347,0.448739235177206,0.701233329416636
"hsa00071","Fatty acid degradation",42,41,0.44984779622954,0.701233329416636
"hsa05203","Viral carcinogenesis",189,182,0.456073078862055,0.705084437869911
"hsa05230","Central carbon metabolism in cancer",68,66,0.456119312907759,0.705084437869911
"hsa04976","Bile secretion",87,84,0.458709783218467,0.706146595742952
"hsa00100","Steroid biosynthesis",18,18,0.461680771110674,0.707783330917603
"hsa04520","Adherens junction",92,89,0.468024994353086,0.712910879585543
"hsa00511","Other glycan degradation",18,18,0.470078912179831,0.712910879585543
"hsa01230","Biosynthesis of amino acids",66,64,0.470790203499887,0.712910879585543
"hsa00010","Glycolysis / Gluconeogenesis",64,62,0.473560080644947,0.714190202923884
"hsa00450","Selenocompound metabolism",17,17,0.481200384561916,0.721697272165016
"hsa04980","Cobalamin transport and metabolism",17,17,0.482428365220819,0.721697272165016
"hsa04612","Antigen processing and presentation",62,60,0.484422855651173,0.721770600187089
"hsa00430","Taurine and hypotaurine metabolism",16,16,0.487360193000457,0.723242526412679
"hsa05219","Bladder cancer",40,39,0.506477224282674,0.747201970645587
"hsa05222","Small cell lung cancer",89,86,0.507533414023418,0.747201970645587
"hsa00561","Glycerolipid metabolism",61,59,0.513068573276942,0.752365378204528
"hsa03440","Homologous recombination",39,38,0.515479687811321,0.752925055818898
"hsa04120","Ubiquitin mediated proteolysis",134,129,0.517739891743306,0.753260783673594
"hsa04216","Ferroptosis",38,37,0.524619479213216,0.75830278305361
"hsa05210","Colorectal cancer",86,83,0.526359254627613,0.75830278305361
"hsa00730","Thiamine metabolism",15,15,0.530180552123996,0.75830278305361
"hsa00603","Glycosphingolipid biosynthesis - globo and isoglobo series",15,15,0.531145259906777,0.75830278305361
"hsa04613","Neutrophil extracellular trap formation",168,161,0.531425130980967,0.75830278305361
"hsa05034","Alcoholism",170,163,0.538114305293763,0.763909512148265
"hsa00604","Glycosphingolipid biosynthesis - ganglio series",15,15,0.539705054016378,0.763909512148265
"hsa01232","Nucleotide metabolism",82,79,0.541787567928243,0.763909512148265
"hsa01250","Biosynthesis of nucleotide sugars",37,36,0.54401726328594,0.763909512148265
"hsa04940","Type I diabetes mellitus",35,34,0.545649651534475,0.763909512148265
"hsa00360","Phenylalanine metabolism",14,14,0.548265526233548,0.764638547948568
"hsa00260","Glycine, serine and threonine metabolism",35,34,0.550292432081584,0.764638547948568
"hsa00051","Fructose and mannose metabolism",35,34,0.554561717434122,0.76668167506986
"hsa00533","Glycosaminoglycan biosynthesis - keratan sulfate",14,14,0.5558958776113,0.76668167506986
"hsa04623","Cytosolic DNA-sensing pathway",76,73,0.558994944304782,0.766786830825533
"hsa03273","Virion - Lassa virus and SFTS virus",14,14,0.560105744349648,0.766786830825533
"hsa03450","Non-homologous end-joining",13,13,0.571981109309889,0.780165410124886
"hsa01212","Fatty acid metabolism",56,54,0.582129284262345,0.791098770920623
"hsa04978","Mineral absorption",55,53,0.586134034285268,0.793634039123484
"hsa05134","Legionellosis",55,53,0.591929724341232,0.795888455640911
"hsa00600","Sphingolipid metabolism",54,52,0.59208952495119,0.795888455640911
"hsa00130","Ubiquinone and other terpenoid-quinone biosynthesis",12,12,0.596061989473791,0.796300244382096
"hsa04137","Mitophagy - animal",99,95,0.596688592825398,0.796300244382096
"hsa05100","Bacterial invasion of epithelial cells",77,74,0.603934605724162,0.803081500801663
"hsa01210","2-Oxocarboxylic acid metabolism",31,30,0.620938841613381,0.82274396513773
"hsa04115","p53 signaling pathway",75,72,0.630262205923528,0.832125545899035
"hsa04215","Apoptosis - multiple species",31,30,0.634600308301515,0.834881965886036
"hsa04136","Autophagy - other",30,29,0.645117266745038,0.843001897256691
"hsa00790","Folate biosynthesis",28,27,0.645316816228841,0.843001897256691
"hsa00563","Glycosylphosphatidylinositol (GPI)-anchor biosynthesis",29,28,0.650034435238075,0.843540519622882
"hsa05204","Chemical carcinogenesis - DNA adducts",60,57,0.652508459861415,0.843540519622882
"hsa00920","Sulfur metabolism",10,10,0.653227018112623,0.843540519622882
"hsa03460","Fanconi anemia pathway",50,48,0.654823907416145,0.843540519622882
"hsa00062","Fatty acid elongation",28,27,0.662627823934553,0.845883867684566
"hsa00620","Pyruvate metabolism",47,45,0.662764357258995,0.845883867684566
"hsa05110","Vibrio cholerae infection",49,47,0.663483033682503,0.845883867684566
"hsa03266","Virion - Herpesvirus",9,9,0.676096772379625,0.859013364906989
"hsa01040","Biosynthesis of unsaturated fatty acids",27,26,0.681537277669408,0.861782787131491
"hsa01240","Biosynthesis of cofactors",149,142,0.684575858164737,0.861782787131491
"hsa04622","RIG-I-like receptor signaling pathway",65,62,0.685245073325579,0.861782787131491
"hsa03082","ATP-dependent chromatin remodeling",108,103,0.694483098119747,0.87045009933252
"hsa04217","Necroptosis",145,138,0.704457982468205,0.878474007182226
"hsa04110","Cell cycle",152,145,0.705620631105939,0.878474007182226
"hsa00740","Riboflavin metabolism",8,8,0.712225247115588,0.883730992240412
"hsa03015","mRNA surveillance pathway",85,81,0.720114229110731,0.890541263333603
"hsa03250","Viral life cycle - HIV-1",63,60,0.722824849151177,0.890923651279358
"hsa04146","Peroxisome",81,77,0.738679191560447,0.907450265128894
"hsa04672","Intestinal immune network for IgA production",40,38,0.744430137530857,0.911496967075736
"hsa00534","Glycosaminoglycan biosynthesis - heparan sulfate / heparin",23,22,0.749508596519097,0.914696346409819
"hsa00470","D-Amino acid metabolism",6,6,0.767314105648751,0.928411708302908
"hsa00400","Phenylalanine, tyrosine and tryptophan biosynthesis",6,6,0.769227231642156,0.928411708302908
"hsa00750","Vitamin B6 metabolism",6,6,0.770241838226009,0.928411708302908
"hsa03264","Virion - Flavivirus and Alphavirus",6,6,0.77166426396315,0.928411708302908
"hsa00240","Pyrimidine metabolism",57,54,0.77624662247447,0.928411708302908
"hsa00232","Caffeine metabolism",5,5,0.776949764746172,0.928411708302908
"hsa04614","Renin-angiotensin system",20,19,0.78086692658469,0.928411708302908
"hsa00220","Arginine biosynthesis",21,20,0.782830932384684,0.928411708302908
"hsa00980","Metabolism of xenobiotics by cytochrome P450",66,62,0.784377448240716,0.928411708302908
"hsa00760","Nicotinate and nicotinamide metabolism",38,36,0.785771634520521,0.928411708302908
"hsa03018","RNA degradation",75,71,0.791611066737152,0.932341923045979
"hsa00350","Tyrosine metabolism",35,33,0.798044630975221,0.934466555481007
"hsa03260","Virion - Human immunodeficiency virus",5,5,0.798452555491858,0.934466555481007
"hsa04144","Endocytosis",238,226,0.805551805204923,0.939438145330404
"hsa00440","Phosphonate and phosphinate metabolism",5,5,0.812594369994744,0.939438145330404
"hsa00524","Neomycin, kanamycin and gentamicin biosynthesis",5,5,0.814047974101421,0.939438145330404
"hsa00541","Biosynthesis of various nucleotide sugars",19,18,0.814192758453631,0.939438145330404
"hsa00982","Drug metabolism - cytochrome P450",61,57,0.81536140915469,0.939438145330404
"hsa04914","Progesterone-mediated oocyte maturation",91,86,0.82246534567759,0.941439302711419
"hsa04979","Cholesterol metabolism",52,49,0.824002728972052,0.941439302711419
"hsa00531","Glycosaminoglycan degradation",18,17,0.824710979464181,0.941439302711419
"hsa04141","Protein processing in endoplasmic reticulum",166,157,0.837607481841996,0.951401417126804
"hsa00290","Valine, leucine and isoleucine biosynthesis",4,4,0.839140126720213,0.951401417126804
"hsa00061","Fatty acid biosynthesis",17,16,0.841131172015072,0.951401417126804
"hsa05206","MicroRNAs in cancer",305,288,0.846773470562292,0.954872211485138
"hsa00410","beta-Alanine metabolism",31,29,0.860644008099432,0.965958458110473
"hsa00910","Nitrogen metabolism",15,14,0.861811993624168,0.965958458110473
"hsa03013","Nucleocytoplasmic transport",101,95,0.865488196693023,0.966065283044047
"hsa00280","Valine, leucine and isoleucine degradation",46,43,0.867115200144657,0.966065283044047
"hsa04114","Oocyte meiosis",119,112,0.869804862468963,0.966160490946064
"hsa05017","Spinocerebellar ataxia",140,132,0.877989685070101,0.970385883130486
"hsa05020","Prion disease",253,239,0.878840045099308,0.970385883130486
"hsa00780","Biotin metabolism",3,3,0.882366091556039,0.971388189813918
"hsa05012","Parkinson disease",246,232,0.900383075362537,0.986068526548834
"hsa00513","Various types of N-glycan biosynthesis",42,39,0.90366657906028,0.986068526548834
"hsa00660","C5-Branched dibasic acid metabolism",2,2,0.911657872812233,0.986068526548834
"hsa05322","Systemic lupus erythematosus",116,108,0.914908181701274,0.986068526548834
"hsa00040","Pentose and glucuronate interconversions",35,32,0.917544650888981,0.986068526548834
"hsa03022","Basal transcription factors",39,36,0.917668495090613,0.986068526548834
"hsa01320","Sulfur cycle",2,2,0.918639190004213,0.986068526548834
"hsa00830","Retinol metabolism",63,58,0.919813015989392,0.986068526548834
"hsa03271","Virion - Rotavirus",2,2,0.920803617011981,0.986068526548834
"hsa03265","Virion - Ebolavirus, Lyssavirus and Morbillivirus",11,10,0.922279726987723,0.986068526548834
"hsa00190","Oxidative phosphorylation",118,110,0.93057015404407,0.989461184843929
"hsa00140","Steroid hormone biosynthesis",61,56,0.930786936686068,0.989461184843929
"hsa05016","Huntington disease",286,269,0.940677138125426,0.990917755307934
"hsa03008","Ribosome biogenesis in eukaryotes",78,72,0.942407219600679,0.990917755307934
"hsa00983","Drug metabolism - other enzymes",72,66,0.950536142507886,0.990917755307934
"hsa03020","RNA polymerase",32,29,0.950778798095429,0.990917755307934
"hsa00640","Propanoate metabolism",32,29,0.951184697449596,0.990917755307934
"hsa00053","Ascorbate and aldarate metabolism",28,25,0.955818849584064,0.990917755307934
"hsa04122","Sulfur relay system",8,7,0.956807348165991,0.990917755307934
"hsa00785","Lipoic acid metabolism",18,16,0.958292486474852,0.990917755307934
"hsa00860","Porphyrin metabolism",41,37,0.960626621667352,0.990917755307934
"hsa00120","Primary bile acid biosynthesis",17,15,0.963688163783825,0.990917755307934
"hsa03410","Base excision repair",44,40,0.963940899992985,0.990917755307934
"hsa00970","Aminoacyl-tRNA biosynthesis",44,40,0.9642083818495,0.990917755307934
"hsa03420","Nucleotide excision repair",56,51,0.969778520381785,0.993889036081885
"hsa03267","Virion - Adenovirus",4,3,0.987880766002207,0.999999721449421
"hsa05014","Amyotrophic lateral sclerosis",343,320,0.988447197896345,0.999999721449421
"hsa00330","Arginine and proline metabolism",44,39,0.99000140493156,0.999999721449421
"hsa03060","Protein export",30,26,0.991869229182458,0.999999721449421
"hsa00510","N-Glycan biosynthesis",53,47,0.993433967097041,0.999999721449421
"hsa03050","Proteasome",46,40,0.997186460270801,0.999999721449421
"hsa05171","Coronavirus disease",216,196,0.999458423769791,0.999999721449421
"hsa03040","Spliceosome",157,140,0.999817858418058,0.999999721449421
"hsa03010","Ribosome",165,142,0.999999721449421,0.999999721449421
